,date,pas,total,year,month
220,1789-06-30,12,3562,1789,6
242,1789-07-01,12,6285,1789,7
55,1789-07-02,20,2981,1789,7
52,1789-07-03,26,3803,1789,7
116,1789-07-04,36,6641,1789,7
121,1789-07-06,29,5435,1789,7
94,1789-07-07,45,7740,1789,7
153,1789-07-08,27,5660,1789,7
59,1789-07-09,41,6236,1789,7
20,1789-07-10,18,2220,1789,7
68,1789-07-11,26,4073,1789,7
131,1789-07-13,41,7948,1789,7
238,1789-07-14,11,4804,1789,7
210,1789-07-15,12,3286,1789,7
169,1789-07-16,38,8498,1789,7
241,1789-07-17,4,1919,1789,7
245,1789-07-18,1,1057,1789,7
154,1789-07-20,32,6796,1789,7
106,1789-07-21,37,6718,1789,7
228,1789-07-23,20,6729,1789,7
26,1789-07-24,49,6255,1789,7
180,1789-07-25,25,5885,1789,7
198,1789-07-27,50,13125,1789,7
143,1789-07-28,36,7252,1789,7
173,1789-07-29,44,10119,1789,7
217,1789-07-30,5,1449,1789,7
123,1789-07-31,40,7539,1789,7
87,1789-08-01,108,18174,1789,8
127,1789-08-03,47,9018,1789,8
206,1789-08-04,47,12570,1789,8
230,1789-08-05,8,2722,1789,8
81,1789-08-06,28,4562,1789,8
42,1789-08-07,53,7474,1789,8
33,1789-08-08,71,9434,1789,8
128,1789-08-09,20,3847,1789,8
7,1789-08-10,190,21100,1789,8
207,1789-08-11,19,5087,1789,8
63,1789-08-12,249,38144,1789,8
226,1789-08-13,8,2617,1789,8
233,1789-08-14,6,2190,1789,8
102,1789-08-17,88,15435,1789,8
8,1789-08-18,54,6017,1789,8
76,1789-08-19,38,6129,1789,8
215,1789-08-20,8,2273,1789,8
108,1789-08-21,38,6911,1789,8
40,1789-08-22,36,5035,1789,8
3,1789-08-23,80,7573,1789,8
124,1789-08-24,28,5319,1789,8
28,1789-08-26,25,3274,1789,8
74,1789-08-27,101,16264,1789,8
216,1789-08-28,16,4557,1789,8
11,1789-08-29,31,3567,1789,8
79,1789-08-31,117,19036,1789,8
18,1789-09-01,136,16554,1789,9
188,1789-09-02,34,8429,1789,9
71,1789-09-03,34,5429,1789,9
5,1789-09-04,266,29160,1789,9
19,1789-09-05,83,10233,1789,9
54,1789-09-07,111,16293,1789,9
132,1789-09-09,19,3686,1789,9
22,1789-09-11,63,7931,1789,9
149,1789-09-12,110,22720,1789,9
1,1789-09-14,67,5961,1789,9
73,1789-09-15,123,19749,1789,9
107,1789-09-16,137,24894,1789,9
86,1789-09-17,30,5035,1789,9
91,1789-09-18,87,14853,1789,9
172,1789-09-19,55,12446,1789,9
38,1789-09-21,356,48964,1789,9
43,1789-09-22,197,27920,1789,9
239,1789-09-23,41,17978,1789,9
134,1789-09-24,265,51700,1789,9
120,1789-09-25,26,4858,1789,9
34,1789-09-26,84,11321,1789,9
66,1789-09-28,35,5457,1789,9
211,1789-09-29,68,18653,1789,9
204,1789-09-30,29,7708,1789,9
147,1789-10-01,40,8167,1789,10
218,1789-10-02,323,93610,1789,10
194,1789-10-03,24,6252,1789,10
61,1789-10-05,44,6705,1789,10
243,1789-10-06,59,31942,1789,10
146,1789-10-07,15,3053,1789,10
189,1789-10-08,23,5714,1789,10
148,1789-10-09,44,9057,1789,10
170,1789-10-10,57,12847,1789,10
51,1789-10-12,47,6855,1789,10
58,1789-10-13,201,30524,1789,10
89,1789-10-14,58,9826,1789,10
221,1789-10-15,25,7482,1789,10
201,1789-10-19,44,11650,1789,10
97,1789-10-20,19,3304,1789,10
183,1789-10-21,24,5724,1789,10
114,1789-10-22,39,7143,1789,10
50,1789-10-23,439,63531,1789,10
184,1789-10-24,172,41063,1789,10
32,1789-10-26,331,43725,1789,10
138,1789-10-27,24,4748,1789,10
6,1789-10-28,41,4549,1789,10
53,1789-10-29,23,3373,1789,10
27,1789-10-30,104,13481,1789,10
4,1789-10-31,188,18965,1789,10
14,1789-11-02,221,26467,1789,11
67,1789-11-03,126,19713,1789,11
37,1789-11-04,69,9480,1789,11
117,1789-11-05,142,26302,1789,11
16,1789-11-06,105,12585,1789,11
150,1789-11-07,35,7254,1789,11
125,1789-11-09,51,9723,1789,11
25,1789-11-10,104,13266,1789,11
30,1789-11-11,144,18964,1789,11
104,1789-11-12,249,44545,1789,11
214,1789-11-13,50,14083,1789,11
197,1789-11-14,48,12594,1789,11
208,1789-11-16,36,9660,1789,11
95,1789-11-17,71,12237,1789,11
227,1789-11-18,45,14852,1789,11
165,1789-11-19,67,14719,1789,11
85,1789-11-20,212,35106,1789,11
232,1789-11-21,194,67655,1789,11
229,1789-11-24,15,5099,1789,11
168,1789-11-25,28,6203,1789,11
187,1789-11-26,38,9319,1789,11
145,1789-11-27,312,63471,1789,11
65,1789-11-28,102,15859,1789,11
171,1789-11-30,38,8589,1789,11
78,1789-12-01,73,11859,1789,12
191,1789-12-02,17,4257,1789,12
21,1789-12-03,51,6332,1789,12
174,1789-12-04,125,28807,1789,12
105,1789-12-05,116,20955,1789,12
177,1789-12-07,65,15141,1789,12
237,1789-12-08,62,26326,1789,12
129,1789-12-09,228,44062,1789,12
157,1789-12-10,48,10296,1789,12
122,1789-12-11,91,17112,1789,12
142,1789-12-12,272,54695,1789,12
236,1789-12-14,28,11815,1789,12
164,1789-12-15,196,42957,1789,12
190,1789-12-16,40,9955,1789,12
103,1789-12-17,207,36916,1789,12
70,1789-12-18,141,22497,1789,12
23,1789-12-19,130,16397,1789,12
56,1789-12-21,189,28587,1789,12
202,1789-12-22,154,40829,1789,12
113,1789-12-23,143,26178,1789,12
36,1789-12-24,220,29989,1789,12
261,1789-12-24,162,21715,1789,12
360,1789-12-26,24,4473,1789,12
176,1789-12-28,38,8846,1789,12
492,1789-12-29,37,9866,1789,12
415,1789-12-30,29,6338,1789,12
179,1789-12-31,48,11259,1789,12
203,1790-01-02,51,13548,1790,1
570,1790-01-03,71,7737,1790,1
419,1790-01-04,187,41111,1790,1
156,1790-01-07,28,5994,1790,1
487,1790-01-08,47,12338,1790,1
248,1790-01-09,223,25120,1790,1
219,1790-01-13,10,2963,1790,1
553,1790-01-14,12,5635,1790,1
521,1790-01-15,67,20361,1790,1
92,1790-01-16,148,25426,1790,1
225,1790-01-18,20,6432,1790,1
222,1790-01-19,73,22068,1790,1
88,1790-01-20,54,9093,1790,1
72,1790-01-21,137,21878,1790,1
60,1790-01-22,26,3961,1790,1
488,1790-01-23,117,30775,1790,1
130,1790-01-25,62,11992,1790,1
112,1790-01-26,151,27625,1790,1
382,1790-01-28,111,21999,1790,1
542,1790-01-29,40,14934,1790,1
182,1790-01-30,54,12801,1790,1
118,1790-02-01,52,9673,1790,2
133,1790-02-02,21,4087,1790,2
335,1790-02-03,43,7527,1790,2
196,1790-02-04,25,6559,1790,2
558,1790-02-05,9,5148,1790,2
436,1790-02-06,223,51600,1790,2
461,1790-02-07,40,9724,1790,2
75,1790-02-08,164,26419,1790,2
380,1790-02-09,117,23071,1790,2
265,1790-02-10,21,2936,1790,2
141,1790-02-11,188,37551,1790,2
10,1790-02-12,97,11025,1790,2
304,1790-02-13,83,13505,1790,2
501,1790-02-14,17,4668,1790,2
44,1790-02-15,69,9783,1790,2
413,1790-02-16,59,12783,1790,2
46,1790-02-17,137,19484,1790,2
310,1790-02-18,56,9210,1790,2
246,1790-02-19,58,4938,1790,2
368,1790-02-20,80,15260,1790,2
257,1790-02-22,102,13384,1790,2
251,1790-02-23,88,10541,1790,2
262,1790-02-24,21,2845,1790,2
456,1790-02-25,103,24797,1790,2
481,1790-02-26,52,13563,1790,2
529,1790-02-27,25,7934,1790,2
443,1790-02-28,150,35149,1790,2
57,1790-03-01,78,11810,1790,3
348,1790-03-01,90,16447,1790,3
90,1790-03-02,82,13914,1790,3
101,1790-03-03,16,2804,1790,3
192,1790-03-04,58,14725,1790,3
159,1790-03-05,78,16859,1790,3
167,1790-03-06,94,20694,1790,3
77,1790-03-08,192,31180,1790,3
98,1790-03-09,89,15498,1790,3
93,1790-03-10,48,8246,1790,3
115,1790-03-11,152,27914,1790,3
284,1790-03-11,162,24370,1790,3
110,1790-03-12,75,13685,1790,3
152,1790-03-13,52,10845,1790,3
2,1790-03-14,87,7996,1790,3
193,1790-03-15,80,20618,1790,3
136,1790-03-16,95,18638,1790,3
13,1790-03-17,70,8351,1790,3
213,1790-03-18,98,27279,1790,3
151,1790-03-19,109,22620,1790,3
231,1790-03-20,95,33026,1790,3
135,1790-03-21,30,5876,1790,3
111,1790-03-22,112,20477,1790,3
160,1790-03-23,160,34634,1790,3
47,1790-03-24,92,13137,1790,3
12,1790-03-26,59,6990,1790,3
158,1790-03-27,77,16537,1790,3
155,1790-03-28,112,23975,1790,3
96,1790-03-29,268,46307,1790,3
274,1790-03-30,192,27686,1790,3
48,1790-03-30,122,17553,1790,3
64,1790-04-01,41,6340,1790,4
83,1790-04-02,76,12475,1790,4
41,1790-04-03,303,42633,1790,4
17,1790-04-05,39,4704,1790,4
31,1790-04-06,145,19108,1790,4
62,1790-04-07,134,20488,1790,4
69,1790-04-08,131,20792,1790,4
144,1790-04-09,164,33169,1790,4
235,1790-04-10,93,36201,1790,4
99,1790-04-11,110,19170,1790,4
24,1790-04-12,247,31233,1790,4
82,1790-04-14,127,20813,1790,4
252,1790-04-15,298,35975,1790,4
290,1790-04-16,71,11019,1790,4
458,1790-04-17,50,12071,1790,4
463,1790-04-18,28,6848,1790,4
343,1790-04-19,199,35813,1790,4
477,1790-04-20,82,21041,1790,4
381,1790-04-21,75,14852,1790,4
534,1790-04-22,62,20523,1790,4
386,1790-04-23,67,13512,1790,4
509,1790-04-24,42,12064,1790,4
400,1790-04-25,14,2953,1790,4
288,1790-04-26,32,4917,1790,4
351,1790-04-27,117,21458,1790,4
279,1790-04-28,67,9830,1790,4
273,1790-04-29,117,16793,1790,4
291,1790-04-30,81,12653,1790,4
391,1790-05-01,23,4714,1790,5
250,1790-05-02,39,4486,1790,5
404,1790-05-03,98,20978,1790,5
344,1790-05-04,43,7801,1790,5
384,1790-05-05,101,20303,1790,5
345,1790-05-06,48,8715,1790,5
253,1790-05-07,119,14451,1790,5
181,1790-05-07,21,4956,1790,5
474,1790-05-08,74,18784,1790,5
544,1790-05-09,21,8157,1790,5
506,1790-05-10,16,4552,1790,5
489,1790-05-11,62,16349,1790,5
358,1790-05-12,56,10395,1790,5
378,1790-05-13,16,3153,1790,5
545,1790-05-14,29,11288,1790,5
293,1790-05-15,70,11099,1790,5
280,1790-05-16,46,6764,1790,5
369,1790-05-17,39,7443,1790,5
379,1790-05-18,154,30345,1790,5
309,1790-05-19,86,14111,1790,5
300,1790-05-20,260,41754,1790,5
277,1790-05-21,148,21517,1790,5
247,1790-05-22,145,13952,1790,5
276,1790-05-24,48,6978,1790,5
356,1790-05-25,43,7954,1790,5
306,1790-05-26,37,6035,1790,5
374,1790-05-27,118,22836,1790,5
466,1790-05-28,21,5205,1790,5
451,1790-05-29,142,33744,1790,5
140,1790-05-30,156,31069,1790,5
109,1790-05-31,171,31139,1790,5
426,1790-05-31,126,28696,1790,5
412,1790-06-01,71,15369,1790,6
375,1790-06-02,297,57694,1790,6
332,1790-06-04,99,17015,1790,6
541,1790-06-05,37,13488,1790,6
414,1790-06-06,56,12176,1790,6
424,1790-06-07,26,5840,1790,6
330,1790-06-08,76,13048,1790,6
431,1790-06-09,43,9888,1790,6
476,1790-06-10,101,25770,1790,6
508,1790-06-11,54,15482,1790,6
524,1790-06-12,71,21828,1790,6
496,1790-06-13,44,11889,1790,6
438,1790-06-14,26,6051,1790,6
366,1790-06-15,72,13613,1790,6
259,1790-06-16,49,6513,1790,6
354,1790-06-17,158,29037,1790,6
425,1790-06-18,476,107137,1790,6
435,1790-06-19,121,27973,1790,6
457,1790-06-20,25,6034,1790,6
294,1790-06-21,60,9526,1790,6
537,1790-06-22,99,34059,1790,6
287,1790-06-23,76,11625,1790,6
278,1790-06-24,41,6006,1790,6
266,1790-06-25,92,12992,1790,6
422,1790-06-26,212,46716,1790,6
320,1790-06-27,152,25659,1790,6
410,1790-06-28,165,35689,1790,6
428,1790-06-29,66,15139,1790,6
401,1790-06-30,55,11613,1790,6
399,1790-07-01,108,22709,1790,7
402,1790-07-02,317,67359,1790,7
515,1790-07-03,67,19805,1790,7
535,1790-07-04,20,6666,1790,7
283,1790-07-05,93,13840,1790,7
325,1790-07-06,144,24629,1790,7
271,1790-07-07,69,9822,1790,7
475,1790-07-08,97,24654,1790,7
420,1790-07-09,116,25506,1790,7
372,1790-07-10,59,11321,1790,7
538,1790-07-11,13,4607,1790,7
539,1790-07-12,51,18243,1790,7
482,1790-07-13,75,19585,1790,7
561,1790-07-14,1,1513,1790,7
319,1790-07-15,325,54747,1790,7
485,1790-07-16,122,31989,1790,7
363,1790-07-17,121,22777,1790,7
416,1790-07-18,25,5467,1790,7
298,1790-07-19,83,13315,1790,7
327,1790-07-20,118,20186,1790,7
522,1790-07-21,113,34528,1790,7
418,1790-07-22,186,40875,1790,7
256,1790-07-23,156,19685,1790,7
333,1790-07-24,137,23697,1790,7
397,1790-07-25,35,7350,1790,7
328,1790-07-26,222,38032,1790,7
338,1790-07-27,45,7896,1790,7
303,1790-07-28,86,13896,1790,7
479,1790-07-29,120,31140,1790,7
311,1790-07-30,88,14489,1790,7
519,1790-07-31,154,46515,1790,7
340,1790-08-01,76,13546,1790,8
282,1790-08-02,598,88513,1790,8
430,1790-08-03,149,34194,1790,8
255,1790-08-04,80,9926,1790,8
307,1790-08-05,85,13878,1790,8
480,1790-08-06,91,23650,1790,8
454,1790-08-07,37,8860,1790,8
532,1790-08-08,15,4920,1790,8
364,1790-08-09,174,32772,1790,8
334,1790-08-10,89,15553,1790,8
478,1790-08-11,76,19681,1790,8
498,1790-08-12,170,46078,1790,8
446,1790-08-13,62,14572,1790,8
527,1790-08-14,105,33049,1790,8
557,1790-08-15,13,6776,1790,8
497,1790-08-16,108,29221,1790,8
392,1790-08-17,118,24355,1790,8
352,1790-08-18,133,24415,1790,8
408,1790-08-19,57,12297,1790,8
526,1790-08-20,91,28239,1790,8
429,1790-08-21,68,15603,1790,8
442,1790-08-22,70,16348,1790,8
337,1790-08-23,93,16299,1790,8
437,1790-08-24,70,16223,1790,8
406,1790-08-25,156,33570,1790,8
493,1790-08-26,49,13122,1790,8
453,1790-08-27,343,81976,1790,8
324,1790-08-28,132,22385,1790,8
432,1790-08-29,47,10821,1790,8
308,1790-08-30,85,13918,1790,8
394,1790-08-31,207,42912,1790,8
507,1790-09-01,99,28213,1790,9
462,1790-09-02,15,3654,1790,9
322,1790-09-03,299,50522,1790,9
421,1790-09-04,184,40487,1790,9
312,1790-09-05,208,34396,1790,9
536,1790-09-06,44,15082,1790,9
533,1790-09-07,54,17717,1790,9
361,1790-09-08,43,8015,1790,9
362,1790-09-09,210,39449,1790,9
444,1790-09-11,99,23205,1790,9
460,1790-09-12,20,4832,1790,9
316,1790-09-13,176,29547,1790,9
555,1790-09-14,6,2936,1790,9
427,1790-09-15,61,13924,1790,9
531,1790-09-16,72,23556,1790,9
314,1790-09-17,161,26797,1790,9
323,1790-09-18,144,24386,1790,9
523,1790-09-19,50,15281,1790,9
433,1790-09-20,125,28840,1790,9
548,1790-09-21,72,29626,1790,9
467,1790-09-22,43,10704,1790,9
395,1790-09-23,166,34624,1790,9
302,1790-09-24,297,47885,1790,9
315,1790-09-25,145,24227,1790,9
281,1790-09-26,123,18163,1790,9
263,1790-09-27,223,30235,1790,9
275,1790-09-28,213,30865,1790,9
550,1790-09-30,40,16981,1790,9
299,1790-10-01,418,67048,1790,10
254,1790-10-02,249,30390,1790,10
543,1790-10-03,13,5031,1790,10
470,1790-10-04,67,16880,1790,10
490,1790-10-05,124,32922,1790,10
389,1790-10-06,114,23331,1790,10
370,1790-10-07,55,10517,1790,10
495,1790-10-08,30,8070,1790,10
393,1790-10-08,62,12807,1790,10
559,1790-10-09,7,6292,1790,10
285,1790-10-10,131,19750,1790,10
336,1790-10-11,65,11385,1790,10
518,1790-10-12,145,43637,1790,10
510,1790-10-13,75,21614,1790,10
441,1790-10-14,180,42019,1790,10
472,1790-10-15,84,21254,1790,10
447,1790-10-16,13,3059,1790,10
295,1790-10-17,85,13560,1790,10
264,1790-10-18,25,3453,1790,10
511,1790-10-19,114,32934,1790,10
260,1790-10-20,109,14535,1790,10
329,1790-10-21,138,23646,1790,10
464,1790-10-22,18,4409,1790,10
514,1790-10-23,70,20591,1790,10
554,1790-10-24,8,3862,1790,10
321,1790-10-25,119,20098,1790,10
525,1790-10-26,30,9274,1790,10
468,1790-10-27,88,22060,1790,10
342,1790-10-28,176,31541,1790,10
387,1790-10-29,182,36891,1790,10
270,1790-10-30,302,42954,1790,10
353,1790-10-31,140,25717,1790,10
346,1790-11-02,496,90377,1790,11
504,1790-11-03,23,6504,1790,11
439,1790-11-04,69,16059,1790,11
272,1790-11-05,50,7150,1790,11
326,1790-11-06,187,31981,1790,11
552,1790-11-07,11,5003,1790,11
500,1790-11-08,62,16945,1790,11
409,1790-11-09,102,22005,1790,11
388,1790-11-10,95,19315,1790,11
385,1790-11-11,108,21721,1790,11
517,1790-11-12,51,15218,1790,11
365,1790-11-13,115,21699,1790,11
317,1790-11-14,49,8249,1790,11
347,1790-11-15,169,30824,1790,11
258,1790-11-16,205,26933,1790,11
455,1790-11-17,137,32916,1790,11
313,1790-11-18,156,25826,1790,11
547,1790-11-19,33,13359,1790,11
339,1790-11-20,265,46753,1790,11
434,1790-11-21,120,27695,1790,11
512,1790-11-22,268,77772,1790,11
566,1790-11-23,64,6333,1790,11
390,1790-11-23,170,34834,1790,11
350,1790-11-24,65,11891,1790,11
452,1790-11-25,62,14737,1790,11
803,1790-11-26,44,8791,1790,11
469,1790-11-26,57,14349,1790,11
682,1790-11-27,525,83828,1790,11
502,1790-11-28,31,8600,1790,11
357,1790-11-29,138,25546,1790,11
911,1790-11-29,43,11133,1790,11
857,1790-11-30,201,44869,1790,11
528,1790-12-01,94,29827,1790,12
982,1790-12-02,34,12387,1790,12
292,1790-12-03,68,10740,1790,12
737,1790-12-04,114,20360,1790,12
841,1790-12-05,145,31379,1790,12
546,1790-12-06,120,48533,1790,12
305,1790-12-07,147,23956,1790,12
503,1790-12-08,89,25113,1790,12
823,1790-12-09,90,18920,1790,12
840,1790-12-10,25,5387,1790,12
289,1790-12-11,77,11837,1790,12
449,1790-12-12,143,33919,1790,12
459,1790-12-13,121,29228,1790,12
483,1790-12-14,93,24288,1790,12
551,1790-12-15,50,22132,1790,12
465,1790-12-16,57,14049,1790,12
944,1790-12-17,40,11608,1790,12
355,1790-12-18,175,32334,1790,12
993,1790-12-19,30,12570,1790,12
450,1790-12-20,153,36296,1790,12
898,1790-12-21,62,15667,1790,12
505,1790-12-22,19,5379,1790,12
560,1790-12-23,7,6752,1790,12
794,1790-12-24,101,19867,1790,12
396,1790-12-26,61,12775,1790,12
473,1790-12-27,53,13450,1790,12
832,1790-12-28,81,17277,1790,12
484,1790-12-29,26,6800,1790,12
921,1790-12-30,101,27094,1790,12
1001,1790-12-31,22,11233,1790,12
782,1791-01-01,26,4975,1791,1
367,1791-01-02,81,15384,1791,1
616,1791-01-04,207,28914,1791,1
568,1791-01-05,187,19932,1791,1
796,1791-01-06,76,14967,1791,1
855,1791-01-07,139,30878,1791,1
894,1791-01-08,84,20576,1791,1
825,1791-01-09,33,6972,1791,1
617,1791-01-10,87,12164,1791,1
667,1791-01-11,188,29147,1791,1
748,1791-01-12,102,18531,1791,1
828,1791-01-13,201,42579,1791,1
831,1791-01-14,164,34932,1791,1
771,1791-01-15,196,36980,1791,1
874,1791-01-16,46,10720,1791,1
576,1791-01-17,148,16863,1791,1
645,1791-01-18,160,23587,1791,1
714,1791-01-19,70,11848,1791,1
718,1791-01-20,118,20041,1791,1
715,1791-01-21,384,64995,1791,1
958,1791-01-22,108,33865,1791,1
806,1791-01-24,52,10441,1791,1
711,1791-01-25,107,18032,1791,1
579,1791-01-26,80,9523,1791,1
854,1791-01-27,87,19211,1791,1
672,1791-01-28,163,25492,1791,1
758,1791-01-29,211,38883,1791,1
891,1791-01-30,33,8017,1791,1
780,1791-01-31,383,73217,1791,1
948,1791-02-01,164,47862,1791,2
670,1791-02-02,40,6245,1791,2
575,1791-02-03,174,19783,1791,2
584,1791-02-05,186,22889,1791,2
927,1791-02-06,56,15275,1791,2
830,1791-02-07,63,13406,1791,2
797,1791-02-08,173,34210,1791,2
978,1791-02-09,25,8904,1791,2
716,1791-02-10,182,30859,1791,2
995,1791-02-11,50,21374,1791,2
639,1791-02-12,137,20004,1791,2
751,1791-02-13,79,14382,1791,2
811,1791-02-14,120,24355,1791,2
709,1791-02-15,135,22722,1791,2
798,1791-02-16,41,8131,1791,2
893,1791-02-17,216,52870,1791,2
666,1791-02-18,230,35632,1791,2
908,1791-02-19,315,80531,1791,2
799,1791-02-20,60,11936,1791,2
1000,1791-02-21,11,5131,1791,2
829,1791-02-22,188,39830,1791,2
943,1791-02-23,245,70809,1791,2
597,1791-02-24,130,16975,1791,2
572,1791-02-25,177,19636,1791,2
689,1791-02-26,195,31576,1791,2
852,1791-02-27,20,4398,1791,2
717,1791-03-01,87,14753,1791,3
983,1791-03-02,113,41338,1791,3
642,1791-03-03,106,15570,1791,3
607,1791-03-04,71,9535,1791,3
863,1791-03-05,153,34787,1791,3
842,1791-03-06,43,9306,1791,3
836,1791-03-07,123,26356,1791,3
801,1791-03-08,44,8781,1791,3
804,1791-03-09,130,25983,1791,3
686,1791-03-10,94,15156,1791,3
661,1791-03-11,56,8592,1791,3
843,1791-03-12,138,29870,1791,3
730,1791-03-13,54,9491,1791,3
802,1791-03-14,46,9186,1791,3
886,1791-03-15,130,31393,1791,3
634,1791-03-16,74,10691,1791,3
889,1791-03-17,116,28128,1791,3
807,1791-03-18,39,7838,1791,3
620,1791-03-19,169,23882,1791,3
964,1791-03-20,54,17240,1791,3
640,1791-03-21,164,24059,1791,3
611,1791-03-22,418,56680,1791,3
741,1791-03-23,106,18995,1791,3
734,1791-03-24,223,39453,1791,3
671,1791-03-25,71,11087,1791,3
867,1791-03-26,29,6646,1791,3
731,1791-03-27,81,14237,1791,3
989,1791-03-28,4,1573,1791,3
966,1791-03-29,60,19232,1791,3
649,1791-03-30,66,9880,1791,3
699,1791-03-31,132,21845,1791,3
618,1791-04-01,65,9132,1791,4
659,1791-04-02,98,14903,1791,4
918,1791-04-02,37,9835,1791,4
975,1791-04-03,38,13208,1791,4
824,1791-04-04,96,20237,1791,4
744,1791-04-05,232,41969,1791,4
601,1791-04-06,190,25191,1791,4
821,1791-04-07,129,27072,1791,4
833,1791-04-08,62,13227,1791,4
746,1791-04-09,153,27773,1791,4
822,1791-04-10,49,10299,1791,4
580,1791-04-11,117,14050,1791,4
967,1791-04-12,97,31294,1791,4
988,1791-04-13,135,52839,1791,4
790,1791-04-14,173,33786,1791,4
678,1791-04-15,172,27343,1791,4
712,1791-04-16,126,21250,1791,4
646,1791-04-17,151,22267,1791,4
565,1791-04-18,185,17936,1791,4
615,1791-04-19,145,20182,1791,4
866,1791-04-20,88,20094,1791,4
853,1791-04-21,40,8829,1791,4
733,1791-04-22,86,15182,1791,4
864,1791-04-23,352,80035,1791,4
562,1791-04-24,1,27,1791,4
960,1791-04-25,48,15098,1791,4
589,1791-04-26,103,12895,1791,4
793,1791-04-27,108,21228,1791,4
788,1791-04-28,206,40063,1791,4
871,1791-04-29,180,41666,1791,4
740,1791-04-30,174,31144,1791,4
608,1791-05-01,75,10087,1791,5
656,1791-05-02,171,25792,1791,5
692,1791-05-03,222,36242,1791,5
781,1791-05-04,170,32510,1791,5
573,1791-05-05,332,36835,1791,5
723,1791-05-06,108,18446,1791,5
585,1791-05-07,224,27686,1791,5
972,1791-05-08,22,7224,1791,5
685,1791-05-09,122,19558,1791,5
817,1791-05-10,306,63309,1791,5
654,1791-05-11,266,39986,1791,5
626,1791-05-12,206,29494,1791,5
621,1791-05-13,228,32262,1791,5
641,1791-05-14,177,25984,1791,5
571,1791-05-15,101,11048,1791,5
658,1791-05-16,254,38483,1791,5
721,1791-05-17,361,61385,1791,5
637,1791-05-18,179,26057,1791,5
660,1791-05-19,192,29339,1791,5
696,1791-05-20,103,16964,1791,5
664,1791-05-21,272,41956,1791,5
1192,1791-05-22,53,12074,1791,5
818,1791-05-22,39,8126,1791,5
923,1791-05-23,142,38251,1791,5
812,1791-05-24,411,83526,1791,5
719,1791-05-25,152,25819,1791,5
757,1791-05-26,267,49133,1791,5
987,1791-05-27,159,60918,1791,5
742,1791-05-28,126,22712,1791,5
756,1791-05-29,81,14846,1791,5
704,1791-05-30,122,20356,1791,5
690,1791-05-31,323,52306,1791,5
705,1791-06-01,136,22714,1791,6
752,1791-06-02,81,14763,1791,6
629,1791-06-03,136,19588,1791,6
728,1791-06-04,140,24443,1791,6
973,1791-06-05,41,13777,1791,6
636,1791-06-06,123,17815,1791,6
929,1791-06-07,119,32540,1791,6
605,1791-06-08,98,13063,1791,6
614,1791-06-09,201,27562,1791,6
681,1791-06-10,116,18495,1791,6
694,1791-06-11,214,34999,1791,6
624,1791-06-13,410,58396,1791,6
986,1791-06-14,76,28944,1791,6
935,1791-06-15,93,25955,1791,6
749,1791-06-16,132,23987,1791,6
808,1791-06-17,69,13910,1791,6
647,1791-06-18,220,32587,1791,6
583,1791-06-19,65,7904,1791,6
868,1791-06-20,96,22089,1791,6
873,1791-06-21,766,178070,1791,6
574,1791-06-26,94,10528,1791,6
968,1791-06-27,58,18758,1791,6
738,1791-06-28,141,25231,1791,6
569,1791-06-29,106,11421,1791,6
951,1791-06-30,28,8568,1791,6
930,1791-07-01,128,35481,1791,7
999,1791-07-02,81,36045,1791,7
856,1791-07-03,49,10891,1791,7
956,1791-07-04,103,32143,1791,7
909,1791-07-05,143,36932,1791,7
858,1791-07-06,64,14315,1791,7
809,1791-07-07,91,18424,1791,7
778,1791-07-08,68,12968,1791,7
795,1791-07-09,217,42692,1791,7
981,1791-07-10,33,11996,1791,7
851,1791-07-11,421,92466,1791,7
926,1791-07-12,63,17182,1791,7
600,1791-07-13,258,34149,1791,7
700,1791-07-14,343,56918,1791,7
593,1791-07-15,387,49211,1791,7
965,1791-07-16,73,23370,1791,7
766,1791-07-17,82,15386,1791,7
770,1791-07-18,101,19010,1791,7
934,1791-07-19,124,34538,1791,7
878,1791-07-20,44,10386,1791,7
992,1791-07-21,90,36597,1791,7
895,1791-07-22,97,23785,1791,7
815,1791-07-23,271,55564,1791,7
567,1791-07-24,111,11408,1791,7
976,1791-07-25,100,34921,1791,7
971,1791-07-26,148,47999,1791,7
769,1791-07-27,190,35737,1791,7
952,1791-07-28,193,59437,1791,7
950,1791-07-29,70,21198,1791,7
657,1791-07-30,281,42420,1791,7
814,1791-07-31,72,14716,1791,7
724,1791-08-01,151,25807,1791,8
919,1791-08-02,90,23985,1791,8
977,1791-08-04,108,37819,1791,8
922,1791-08-05,99,26665,1791,8
955,1791-08-06,40,12464,1791,8
577,1791-08-07,175,20199,1791,8
648,1791-08-08,182,27092,1791,8
785,1791-08-09,190,36620,1791,8
563,1791-08-10,190,17556,1791,8
582,1791-08-11,338,40805,1791,8
564,1791-08-12,219,20468,1791,8
677,1791-08-13,195,30984,1791,8
683,1791-08-14,90,14377,1791,8
591,1791-08-15,92,11545,1791,8
942,1791-08-16,120,34180,1791,8
773,1791-08-17,54,10211,1791,8
962,1791-08-18,141,44962,1791,8
963,1791-08-19,71,22641,1791,8
990,1791-08-20,30,12057,1791,8
870,1791-08-21,71,16411,1791,8
612,1791-08-22,139,18892,1791,8
587,1791-08-23,261,32564,1791,8
892,1791-08-24,125,30522,1791,8
578,1791-08-25,169,19790,1791,8
772,1791-08-27,156,29444,1791,8
837,1791-08-28,112,24031,1791,8
643,1791-08-29,233,34229,1791,8
663,1791-08-30,219,33664,1791,8
602,1791-08-31,313,41581,1791,8
590,1791-09-01,150,18789,1791,9
792,1791-09-02,117,22913,1791,9
917,1791-09-03,57,15110,1791,9
945,1791-09-04,31,8998,1791,9
753,1791-09-05,217,39552,1791,9
997,1791-09-06,48,21089,1791,9
816,1791-09-07,110,22750,1791,9
665,1791-09-08,107,16564,1791,9
938,1791-09-09,381,107308,1791,9
914,1791-09-10,481,126852,1791,9
970,1791-09-11,14,4538,1791,9
835,1791-09-12,194,41561,1791,9
693,1791-09-13,126,20585,1791,9
902,1791-09-14,78,19790,1791,9
946,1791-09-15,168,48874,1791,9
1396,1791-09-15,58,23711,1791,9
899,1791-09-16,71,17946,1791,9
979,1791-09-17,245,87598,1791,9
845,1791-09-18,27,5849,1791,9
900,1791-09-19,49,12386,1791,9
907,1791-09-20,126,32186,1791,9
959,1791-09-21,144,45252,1791,9
985,1791-09-22,166,62807,1791,9
598,1791-09-23,224,29531,1791,9
625,1791-09-24,383,54750,1791,9
974,1791-09-25,68,23139,1791,9
924,1791-09-26,88,23887,1791,9
954,1791-09-27,182,56291,1791,9
996,1791-09-28,214,93398,1791,9
940,1791-09-29,410,115691,1791,9
953,1791-09-30,212,65320,1791,9
848,1791-10-01,148,32234,1791,10
969,1791-10-01,8,2587,1791,10
603,1791-10-02,98,13040,1791,10
703,1791-10-03,15,2500,1791,10
810,1791-10-04,25,5065,1791,10
604,1791-10-05,115,15309,1791,10
610,1791-10-06,129,17464,1791,10
581,1791-10-08,142,17080,1791,10
834,1791-10-09,80,17104,1791,10
904,1791-10-10,60,15283,1791,10
844,1791-10-11,80,17326,1791,10
877,1791-10-12,64,15066,1791,10
882,1791-10-13,80,19000,1791,10
632,1791-10-14,134,19327,1791,10
628,1791-10-15,76,10930,1791,10
710,1791-10-16,62,10441,1791,10
725,1791-10-17,58,9936,1791,10
679,1791-10-18,81,12897,1791,10
627,1791-10-20,225,32292,1791,10
726,1791-10-21,118,20227,1791,10
827,1791-10-22,83,17577,1791,10
936,1791-10-23,41,11523,1791,10
861,1791-10-24,79,17795,1791,10
722,1791-10-25,160,27247,1791,10
764,1791-10-26,145,26977,1791,10
623,1791-10-27,190,26944,1791,10
739,1791-10-28,241,43129,1791,10
783,1791-10-29,98,18814,1791,10
592,1791-10-30,126,16005,1791,10
813,1791-10-31,138,28113,1791,10
735,1791-11-02,90,15946,1791,11
743,1791-11-03,111,20056,1791,11
860,1791-11-04,90,20223,1791,11
588,1791-11-05,170,21238,1791,11
859,1791-11-06,63,14113,1791,11
805,1791-11-07,98,19598,1791,11
596,1791-11-08,186,24202,1791,11
713,1791-11-09,88,14870,1791,11
613,1791-11-10,100,13632,1791,11
789,1791-11-11,103,20053,1791,11
697,1791-11-12,162,26768,1791,11
915,1791-11-13,51,13454,1791,11
644,1791-11-14,151,22249,1791,11
622,1791-11-15,99,14008,1791,11
791,1791-11-16,109,21321,1791,11
619,1791-11-17,177,25005,1791,11
763,1791-11-18,108,20027,1791,11
839,1791-11-19,490,105562,1791,11
787,1791-11-20,85,16476,1791,11
673,1791-11-21,143,22446,1791,11
768,1791-11-22,129,24207,1791,11
850,1791-11-23,79,17276,1791,11
701,1791-11-24,239,39690,1791,11
599,1791-11-25,103,13610,1791,11
736,1791-11-26,127,22582,1791,11
920,1791-11-27,59,15754,1791,11
984,1791-11-28,53,19899,1791,11
745,1791-11-29,172,31157,1791,11
994,1791-11-30,38,15955,1791,11
698,1791-12-01,246,40647,1791,12
786,1791-12-02,88,16980,1791,12
651,1791-12-03,257,38489,1791,12
931,1791-12-04,59,16351,1791,12
890,1791-12-05,95,23045,1791,12
750,1791-12-06,127,23085,1791,12
594,1791-12-07,213,27580,1791,12
765,1791-12-08,144,26948,1791,12
865,1791-12-09,108,24622,1791,12
838,1791-12-10,198,42529,1791,12
687,1791-12-11,152,24556,1791,12
595,1791-12-12,151,19645,1791,12
609,1791-12-13,503,67998,1791,12
862,1791-12-15,186,42100,1791,12
676,1791-12-16,107,16991,1791,12
888,1791-12-17,242,58502,1791,12
980,1791-12-18,226,81285,1791,12
949,1791-12-19,58,17035,1791,12
732,1791-12-20,132,23272,1791,12
729,1791-12-21,65,11411,1791,12
747,1791-12-22,159,28882,1791,12
668,1791-12-23,76,11784,1791,12
759,1791-12-24,231,42674,1791,12
826,1791-12-25,111,23495,1791,12
869,1791-12-26,156,35976,1791,12
916,1791-12-27,157,41466,1791,12
761,1791-12-29,283,52315,1791,12
767,1791-12-30,204,38273,1791,12
631,1791-12-31,258,37205,1791,12
777,1792-01-01,122,23245,1792,1
883,1792-01-02,106,25184,1792,1
638,1792-01-03,273,39794,1792,1
695,1792-01-04,87,14282,1792,1
630,1792-01-05,189,27236,1792,1
937,1792-01-06,50,14071,1792,1
1068,1792-01-06,101,17729,1792,1
755,1792-01-07,319,58444,1792,1
586,1792-01-09,302,37634,1792,1
727,1792-01-10,121,21122,1792,1
933,1792-01-11,426,118638,1792,1
720,1792-01-12,144,24476,1792,1
606,1792-01-13,306,40959,1792,1
928,1792-01-14,100,27274,1792,1
884,1792-01-15,36,8629,1792,1
708,1792-01-16,77,12944,1792,1
680,1792-01-17,211,33591,1792,1
674,1792-01-18,130,20525,1792,1
897,1792-01-19,127,31829,1792,1
847,1792-01-20,101,21951,1792,1
669,1792-01-21,211,32758,1792,1
779,1792-01-22,90,17200,1792,1
684,1792-01-23,85,13612,1792,1
784,1792-01-24,199,38302,1792,1
702,1792-01-25,153,25450,1792,1
762,1792-01-26,137,25379,1792,1
655,1792-01-27,127,19122,1792,1
905,1792-01-28,120,30631,1792,1
846,1792-01-29,45,9751,1792,1
652,1792-01-30,178,26695,1792,1
633,1792-01-31,150,21663,1792,1
706,1792-02-01,226,37825,1792,2
635,1792-02-02,90,13009,1792,2
875,1792-02-03,69,16197,1792,2
775,1792-02-04,293,55770,1792,2
910,1792-02-05,70,18111,1792,2
947,1792-02-06,141,41059,1792,2
707,1792-02-07,114,19134,1792,2
957,1792-02-08,68,21291,1792,2
754,1792-02-09,297,54135,1792,2
906,1792-02-10,204,52094,1792,2
903,1792-02-11,247,62853,1792,2
879,1792-02-12,52,12281,1792,2
800,1792-02-13,108,21502,1792,2
819,1792-02-14,166,34598,1792,2
876,1792-02-15,183,43061,1792,2
872,1792-02-16,115,26639,1792,2
650,1792-02-17,165,24700,1792,2
885,1792-02-18,187,44894,1792,2
925,1792-02-19,117,31823,1792,2
688,1792-02-20,235,38020,1792,2
776,1792-02-21,186,35406,1792,2
1020,1792-02-22,183,26195,1792,2
1003,1792-02-23,182,19844,1792,2
1181,1792-02-24,137,30631,1792,2
1094,1792-02-25,223,41971,1792,2
1006,1792-02-26,121,14752,1792,2
1264,1792-02-27,105,27832,1792,2
1240,1792-02-28,129,32777,1792,2
1054,1792-02-29,253,42244,1792,2
1044,1792-03-01,370,59933,1792,3
1114,1792-03-02,291,56851,1792,3
1267,1792-03-03,124,33064,1792,3
1183,1792-03-04,53,11904,1792,3
1197,1792-03-05,103,23530,1792,3
1143,1792-03-06,132,27375,1792,3
1217,1792-03-07,165,39982,1792,3
1059,1792-03-08,284,48092,1792,3
1355,1792-03-09,43,14714,1792,3
1004,1792-03-10,279,32905,1792,3
1256,1792-03-11,132,34773,1792,3
1180,1792-03-12,334,74464,1792,3
1073,1792-03-13,413,72726,1792,3
1222,1792-03-14,159,39035,1792,3
1330,1792-03-15,114,35897,1792,3
1022,1792-03-16,155,22291,1792,3
1150,1792-03-17,190,40007,1792,3
1080,1792-03-18,254,45386,1792,3
1033,1792-03-19,249,38057,1792,3
1338,1792-03-20,81,26145,1792,3
1362,1792-03-21,262,91970,1792,3
1034,1792-03-22,252,38589,1792,3
1118,1792-03-23,276,54084,1792,3
1084,1792-03-24,218,40000,1792,3
1346,1792-03-25,25,8351,1792,3
1360,1792-03-26,96,33517,1792,3
1184,1792-03-27,194,43673,1792,3
1271,1792-03-28,237,63891,1792,3
1270,1792-03-29,152,40969,1792,3
1027,1792-03-30,537,79762,1792,3
1131,1792-03-31,188,37647,1792,3
1257,1792-04-01,118,31096,1792,4
1043,1792-04-02,141,22821,1792,4
1221,1792-04-03,289,70450,1792,4
1065,1792-04-04,201,35022,1792,4
1161,1792-04-05,112,24108,1792,4
1269,1792-04-06,146,39290,1792,4
1178,1792-04-07,304,67546,1792,4
1340,1792-04-08,56,18349,1792,4
1309,1792-04-09,128,38307,1792,4
1281,1792-04-10,219,60198,1792,4
1216,1792-04-11,167,40134,1792,4
1166,1792-04-12,236,51513,1792,4
1098,1792-04-13,111,21023,1792,4
1312,1792-04-14,241,72659,1792,4
1154,1792-04-15,74,15713,1792,4
1116,1792-04-16,265,51898,1792,4
1186,1792-04-17,226,51082,1792,4
1332,1792-04-18,222,70348,1792,4
1088,1792-04-19,167,30975,1792,4
1121,1792-04-20,165,32573,1792,4
1302,1792-04-21,193,56153,1792,4
1223,1792-04-22,112,27526,1792,4
1212,1792-04-23,107,25293,1792,4
1134,1792-04-24,236,47605,1792,4
1322,1792-04-25,132,40811,1792,4
1023,1792-04-26,243,34997,1792,4
1253,1792-04-27,151,39513,1792,4
1165,1792-04-28,113,24557,1792,4
1350,1792-04-29,47,15829,1792,4
1357,1792-04-30,148,51156,1792,4
1288,1792-05-01,228,64251,1792,5
1345,1792-05-02,195,64942,1792,5
1103,1792-05-03,153,29242,1792,5
1185,1792-05-04,118,26606,1792,5
1277,1792-05-05,150,40871,1792,5
1409,1792-05-06,24,13167,1792,5
1315,1792-05-07,131,39870,1792,5
1311,1792-05-08,51,15347,1792,5
1038,1792-05-09,147,23235,1792,5
1203,1792-05-10,182,41964,1792,5
1137,1792-05-11,147,30027,1792,5
1208,1792-05-12,199,46611,1792,5
1228,1792-05-13,55,13597,1792,5
1136,1792-05-14,358,72600,1792,5
1029,1792-05-15,247,37300,1792,5
1087,1792-05-16,457,84591,1792,5
1210,1792-05-17,109,25693,1792,5
1079,1792-05-18,121,21610,1792,5
1067,1792-05-19,234,40889,1792,5
1030,1792-05-20,176,26645,1792,5
1235,1792-05-21,216,54114,1792,5
1339,1792-05-22,125,40713,1792,5
1294,1792-05-23,156,44460,1792,5
1014,1792-05-24,177,23941,1792,5
1142,1792-05-25,219,45373,1792,5
1220,1792-05-26,117,28435,1792,5
1351,1792-05-27,52,17522,1792,5
1323,1792-05-28,221,68586,1792,5
1062,1792-05-29,381,65420,1792,5
1258,1792-05-30,192,50742,1792,5
1374,1792-05-31,163,60989,1792,5
1130,1792-06-01,180,36027,1792,6
1225,1792-06-02,352,86555,1792,6
1049,1792-06-04,259,42561,1792,6
1056,1792-06-05,384,64833,1792,6
1046,1792-06-06,287,46816,1792,6
1126,1792-06-07,50,9966,1792,6
1205,1792-06-08,154,35844,1792,6
1236,1792-06-09,204,51352,1792,6
1071,1792-06-10,142,24977,1792,6
1353,1792-06-11,76,25762,1792,6
1063,1792-06-12,205,35489,1792,6
1567,1792-06-13,145,45710,1792,6
1085,1792-06-13,351,64599,1792,6
1113,1792-06-14,164,31935,1792,6
1021,1792-06-15,269,38680,1792,6
1243,1792-06-16,255,65177,1792,6
1276,1792-06-17,38,10348,1792,6
1077,1792-06-18,173,30755,1792,6
1146,1792-06-19,226,47243,1792,6
1187,1792-06-20,118,26704,1792,6
1112,1792-06-21,167,32428,1792,6
1099,1792-06-22,184,34989,1792,6
1237,1792-06-23,192,48632,1792,6
1193,1792-06-24,102,23242,1792,6
1069,1792-06-25,214,37599,1792,6
1286,1792-06-26,93,26036,1792,6
1182,1792-06-27,172,38521,1792,6
1207,1792-06-29,107,25033,1792,6
1076,1792-06-30,258,45852,1792,6
1167,1792-07-01,49,10706,1792,7
1078,1792-07-02,424,75506,1792,7
849,1792-07-02,56,12198,1792,7
1064,1792-07-03,170,29560,1792,7
1140,1792-07-04,118,24201,1792,7
1145,1792-07-05,146,30337,1792,7
1200,1792-07-06,217,49883,1792,7
1248,1792-07-07,128,33006,1792,7
1352,1792-07-08,43,14507,1792,7
1037,1792-07-09,293,45564,1792,7
1083,1792-07-10,166,30097,1792,7
1036,1792-07-11,311,48334,1792,7
1177,1792-07-12,343,76150,1792,7
1035,1792-07-13,317,48983,1792,7
1101,1792-07-15,101,19258,1792,7
1306,1792-07-16,95,28140,1792,7
1324,1792-07-17,160,49677,1792,7
1326,1792-07-18,186,57887,1792,7
1123,1792-07-19,133,26482,1792,7
1138,1792-07-20,164,33555,1792,7
1090,1792-07-21,235,43654,1792,7
1105,1792-07-22,83,15950,1792,7
1172,1792-07-23,187,41101,1792,7
1199,1792-07-24,96,22044,1792,7
1012,1792-07-25,209,28098,1792,7
1082,1792-07-26,194,35037,1792,7
1148,1792-07-27,162,33923,1792,7
1261,1792-07-28,125,33104,1792,7
1334,1792-07-30,102,32500,1792,7
1189,1792-07-31,138,31325,1792,7
1155,1792-08-01,238,50594,1792,8
1300,1792-08-02,144,41452,1792,8
1255,1792-08-03,279,73365,1792,8
1124,1792-08-04,188,37433,1792,8
1371,1792-08-05,48,17597,1792,8
1305,1792-08-06,113,33086,1792,8
1328,1792-08-07,38,11910,1792,8
1016,1792-08-08,318,43507,1792,8
1045,1792-08-09,156,25306,1792,8
1201,1792-08-09,82,18871,1792,8
1168,1792-08-10,308,67327,1792,8
1372,1792-08-11,170,62619,1792,8
1290,1792-08-12,82,23112,1792,8
1394,1792-08-14,80,31939,1792,8
1283,1792-08-15,365,100923,1792,8
1377,1792-08-16,57,21459,1792,8
1376,1792-08-17,80,30088,1792,8
1335,1792-08-18,108,34412,1792,8
1380,1792-08-19,90,34108,1792,8
1386,1792-08-20,79,30426,1792,8
1390,1792-08-21,318,125639,1792,8
1209,1792-08-22,96,22537,1792,8
1053,1792-08-23,256,42600,1792,8
1383,1792-08-24,54,20732,1792,8
1403,1792-08-25,43,19166,1792,8
1391,1792-08-26,47,18646,1792,8
1382,1792-08-27,77,29408,1792,8
1348,1792-08-28,90,30225,1792,8
1384,1792-08-29,23,8828,1792,8
1393,1792-08-30,72,28606,1792,8
1272,1792-08-31,217,58509,1792,8
1370,1792-09-01,82,29919,1792,9
1413,1792-09-02,17,15311,1792,9
1412,1792-09-03,116,80277,1792,9
1327,1792-09-04,30,9394,1792,9
1405,1792-09-05,61,29692,1792,9
1359,1792-09-06,118,41104,1792,9
1410,1792-09-07,48,28282,1792,9
1402,1792-09-08,82,35679,1792,9
1369,1792-09-09,73,26417,1792,9
1395,1792-09-10,89,35536,1792,9
1344,1792-09-11,79,26110,1792,9
1347,1792-09-12,56,18795,1792,9
1364,1792-09-13,90,31994,1792,9
1307,1792-09-14,130,38606,1792,9
1407,1792-09-15,37,18948,1792,9
1387,1792-09-16,90,34889,1792,9
1317,1792-09-17,140,42720,1792,9
1388,1792-09-18,50,19482,1792,9
1379,1792-09-19,70,26496,1792,9
1343,1792-09-20,138,45590,1792,9
1139,1792-09-21,610,124814,1792,9
1133,1792-09-22,102,20516,1792,9
1238,1792-09-23,59,14975,1792,9
1061,1792-09-24,77,13149,1792,9
1060,1792-09-25,155,26441,1792,9
1162,1792-09-26,80,17219,1792,9
1268,1792-09-27,64,17202,1792,9
1316,1792-09-28,65,19815,1792,9
1219,1792-09-29,96,23320,1792,9
1389,1792-09-30,95,37361,1792,9
1173,1792-10-01,68,14987,1792,10
1273,1792-10-02,54,14569,1792,10
1336,1792-10-03,44,14055,1792,10
1246,1792-10-04,95,24433,1792,10
1108,1792-10-05,144,27777,1792,10
1275,1792-10-06,57,15519,1792,10
1274,1792-10-07,53,14401,1792,10
1303,1792-10-08,52,15152,1792,10
1262,1792-10-09,91,24101,1792,10
1102,1792-10-10,105,20018,1792,10
1265,1792-10-11,50,13270,1792,10
1289,1792-10-12,46,12963,1792,10
1398,1792-10-13,29,12209,1792,10
1408,1792-10-14,25,12809,1792,10
1169,1792-10-15,74,16198,1792,10
1132,1792-10-16,69,13859,1792,10
1254,1792-10-17,69,18131,1792,10
1147,1792-10-18,91,19028,1792,10
1252,1792-10-19,56,14646,1792,10
1287,1792-10-20,45,12618,1792,10
1234,1792-10-21,51,12773,1792,10
1119,1792-10-22,110,21566,1792,10
1320,1792-10-23,31,9546,1792,10
1285,1792-10-24,71,19714,1792,10
1195,1792-10-25,77,17572,1792,10
1141,1792-10-26,95,19665,1792,10
1241,1792-10-27,74,18909,1792,10
1366,1792-10-28,31,11102,1792,10
1047,1792-10-29,206,33734,1792,10
1104,1792-10-30,129,24719,1792,10
1381,1792-10-31,32,12175,1792,10
1325,1792-11-01,31,9638,1792,11
1259,1792-11-02,57,15063,1792,11
1368,1792-11-03,40,14408,1792,11
1299,1792-11-04,51,14657,1792,11
1032,1792-11-05,358,54710,1792,11
1321,1792-11-06,209,64371,1792,11
1048,1792-11-07,174,28535,1792,11
1280,1792-11-08,79,21670,1792,11
1213,1792-11-09,83,19817,1792,11
1042,1792-11-10,91,14557,1792,11
1399,1792-11-11,34,14365,1792,11
1072,1792-11-12,69,12148,1792,11
1111,1792-11-13,145,28150,1792,11
1245,1792-11-14,41,10535,1792,11
1089,1792-11-15,100,18559,1792,11
1117,1792-11-16,112,21936,1792,11
1282,1792-11-17,35,9646,1792,11
1198,1792-11-18,46,10544,1792,11
1231,1792-11-19,69,17179,1792,11
1341,1792-11-20,35,11496,1792,11
1358,1792-11-21,125,43343,1792,11
1196,1792-11-22,75,17118,1792,11
1296,1792-11-23,36,10287,1792,11
1406,1792-11-24,18,8956,1792,11
1404,1792-11-25,34,15949,1792,11
1125,1792-11-26,69,13749,1792,11
1260,1792-11-27,90,23783,1792,11
1109,1792-11-28,133,25668,1792,11
1091,1792-11-29,131,24387,1792,11
1055,1792-11-30,81,13544,1792,11
1151,1792-12-01,128,27091,1792,12
1057,1792-12-02,195,32932,1792,12
1024,1792-12-03,2351,339290,1792,12
1232,1792-12-05,135,33613,1792,12
1244,1792-12-06,59,15145,1792,12
1096,1792-12-07,1417,267173,1792,12
1194,1792-12-08,201,45845,1792,12
1329,1792-12-09,86,26963,1792,12
1174,1792-12-10,121,26800,1792,12
1120,1792-12-11,85,16701,1792,12
1157,1792-12-12,97,20670,1792,12
1097,1792-12-13,45,8517,1792,12
1164,1792-12-14,67,14493,1792,12
1025,1792-12-15,124,18210,1792,12
1018,1792-12-16,98,13612,1792,12
1144,1792-12-17,187,38836,1792,12
1093,1792-12-18,129,24245,1792,12
1066,1792-12-19,198,34514,1792,12
1333,1792-12-20,256,81565,1792,12
1342,1792-12-21,60,19809,1792,12
1361,1792-12-22,27,9456,1792,12
1251,1792-12-23,43,11229,1792,12
1086,1792-12-24,306,56415,1792,12
1226,1792-12-25,677,166970,1792,12
1106,1792-12-26,505,97389,1792,12
1009,1792-12-27,237,30625,1792,12
1008,1792-12-28,301,38398,1792,12
1081,1792-12-29,173,31061,1792,12
1206,1792-12-30,57,13300,1792,12
1171,1792-12-31,142,31177,1792,12
1058,1793-01-01,227,38338,1793,1
1015,1793-01-02,316,43046,1793,1
1013,1793-01-03,201,27142,1793,1
1129,1793-01-04,184,36810,1793,1
1552,1793-01-04,191,58863,1793,1
1017,1793-01-07,3011,414065,1793,1
1051,1793-01-08,65,10806,1793,1
1214,1793-01-09,429,102550,1793,1
1028,1793-01-10,119,17848,1793,1
1127,1793-01-11,126,25140,1793,1
1100,1793-01-12,139,26475,1793,1
1291,1793-01-13,52,14662,1793,1
1010,1793-01-14,165,21657,1793,1
1005,1793-01-15,2396,285362,1793,1
1031,1793-01-17,656,100118,1793,1
1050,1793-01-18,68,11304,1793,1
1026,1793-01-19,458,67803,1793,1
1110,1793-01-20,48,9271,1793,1
1011,1793-01-21,180,24049,1793,1
1007,1793-01-22,528,67102,1793,1
1092,1793-01-23,235,43853,1793,1
1153,1793-01-24,9,1911,1793,1
1176,1793-01-25,161,35730,1793,1
1337,1793-01-26,76,24409,1793,1
1365,1793-01-27,47,16719,1793,1
1149,1793-01-28,152,31847,1793,1
1159,1793-01-29,130,27861,1793,1
1152,1793-01-30,281,59638,1793,1
1295,1793-01-31,79,22521,1793,1
1158,1793-02-01,267,56937,1793,2
1249,1793-02-02,46,11952,1793,2
1373,1793-02-03,37,13753,1793,2
1385,1793-02-04,72,27648,1793,2
1160,1793-02-05,284,61116,1793,2
1293,1793-02-06,262,74375,1793,2
1041,1793-02-07,4,638,1793,2
1039,1793-02-08,128,20365,1793,2
1318,1793-02-09,117,35732,1793,2
1284,1793-02-10,57,15774,1793,2
1075,1793-02-11,148,26299,1793,2
1135,1793-02-12,106,21435,1793,2
1211,1793-02-13,123,29047,1793,2
1128,1793-02-14,292,58380,1793,2
1298,1793-02-15,141,40378,1793,2
1266,1793-02-16,90,23969,1793,2
1070,1793-02-17,416,73093,1793,2
1349,1793-02-18,63,21180,1793,2
1202,1793-02-19,109,25113,1793,2
1230,1793-02-20,110,27335,1793,2
1170,1793-02-21,76,16643,1793,2
1378,1793-02-22,48,18083,1793,2
1401,1793-02-24,88,38033,1793,2
1107,1793-02-25,451,86979,1793,2
1242,1793-02-26,99,25302,1793,2
1156,1793-02-27,152,32337,1793,2
1411,1793-02-28,226,141465,1793,2
1397,1793-03-02,77,31716,1793,3
1310,1793-03-03,70,20986,1793,3
1392,1793-03-04,63,24998,1793,3
1074,1793-03-05,137,24270,1793,3
1263,1793-03-06,101,26754,1793,3
1190,1793-03-07,141,32039,1793,3
1292,1793-03-08,107,30346,1793,3
1040,1793-03-09,95,15134,1793,3
1218,1793-03-10,174,42173,1793,3
1215,1793-03-11,122,29315,1793,3
1239,1793-03-13,174,44167,1793,3
1354,1793-03-14,66,22561,1793,3
1400,1793-03-15,37,15893,1793,3
1250,1793-03-16,200,52080,1793,3
1356,1793-03-17,30,10342,1793,3
1308,1793-03-18,116,34627,1793,3
1363,1793-03-20,81,28665,1793,3
1191,1793-03-21,49,11152,1793,3
1229,1793-03-22,111,27479,1793,3
1278,1793-03-23,171,46737,1793,3
1331,1793-03-24,68,21480,1793,3
1313,1793-03-25,81,24431,1793,3
1188,1793-03-26,133,30099,1793,3
1227,1793-03-27,132,32588,1793,3
1297,1793-03-28,168,48062,1793,3
1319,1793-03-29,83,25546,1793,3
1224,1793-03-31,344,84556,1793,3
1122,1793-04-01,222,44123,1793,4
1175,1793-04-02,176,38984,1793,4
1204,1793-04-03,743,172334,1793,4
1247,1793-04-04,97,25009,1793,4
1279,1793-04-05,151,41323,1793,4
1095,1793-04-06,166,31294,1793,4
1233,1793-04-07,89,22240,1793,4
1163,1793-04-08,216,46598,1793,4
1367,1793-04-09,122,43724,1793,4
1052,1793-04-10,478,79523,1793,4
1304,1793-04-11,77,22527,1793,4
1019,1793-04-12,639,91002,1793,4
1489,1793-04-14,107,28103,1793,4
1432,1793-04-15,281,57313,1793,4
1445,1793-04-16,354,80119,1793,4
1427,1793-04-17,1725,335369,1793,4
1421,1793-04-18,454,85443,1793,4
1419,1793-04-19,211,37322,1793,4
1424,1793-04-20,353,68187,1793,4
1628,1793-04-21,49,18201,1793,4
1416,1793-04-22,205,34327,1793,4
1455,1793-04-23,202,47796,1793,4
1450,1793-04-24,486,112503,1793,4
1453,1793-04-25,206,48369,1793,4
1426,1793-04-27,425,82589,1793,4
1449,1793-04-28,238,54713,1793,4
1417,1793-04-29,382,65064,1793,4
1543,1793-04-30,153,46500,1793,4
1511,1793-05-01,283,78679,1793,5
1454,1793-05-02,98,23147,1793,5
1613,1793-05-03,36,12728,1793,5
1436,1793-05-04,346,73962,1793,5
1520,1793-05-05,233,66369,1793,5
1547,1793-05-06,203,61976,1793,5
1525,1793-05-07,129,37276,1793,5
1457,1793-05-08,139,33034,1793,5
1179,1793-05-08,264,58809,1793,5
1559,1793-05-10,423,132343,1793,5
1571,1793-05-11,92,29378,1793,5
1581,1793-05-12,106,34475,1793,5
1475,1793-05-13,124,31365,1793,5
1582,1793-05-14,83,27006,1793,5
1423,1793-05-15,112,21485,1793,5
1485,1793-05-16,219,56838,1793,5
1506,1793-05-17,85,23416,1793,5
1495,1793-05-18,84,22654,1793,5
1490,1793-05-19,161,42523,1793,5
1375,1793-05-19,83,31191,1793,5
1425,1793-05-20,126,24433,1793,5
1447,1793-05-21,141,32173,1793,5
1549,1793-05-22,115,35224,1793,5
1599,1793-05-23,124,42403,1793,5
1431,1793-05-24,177,36093,1793,5
1481,1793-05-25,133,34216,1793,5
1633,1793-05-26,70,26808,1793,5
1418,1793-05-27,753,128988,1793,5
1459,1793-05-28,160,38286,1793,5
1476,1793-05-29,144,36615,1793,5
1482,1793-05-30,191,49150,1793,5
1446,1793-05-31,84,19013,1793,5
1414,1793-06-01,29,3614,1793,6
1422,1793-06-02,90,17230,1793,6
1583,1793-06-03,58,19000,1793,6
1462,1793-06-04,148,35749,1793,6
1441,1793-06-05,119,26166,1793,6
1480,1793-06-06,128,32884,1793,6
1448,1793-06-08,238,54505,1793,6
1538,1793-06-09,62,18414,1793,6
1439,1793-06-10,173,37660,1793,6
1668,1793-06-11,193,95622,1793,6
1435,1793-06-12,102,21305,1793,6
1468,1793-06-14,80,19939,1793,6
1488,1793-06-15,66,17151,1793,6
1466,1793-06-16,139,34108,1793,6
1463,1793-06-17,250,60583,1793,6
1509,1793-06-18,118,32573,1793,6
1492,1793-06-19,155,41044,1793,6
1461,1793-06-20,105,25315,1793,6
1472,1793-06-21,95,23833,1793,6
1565,1793-06-22,104,32707,1793,6
1430,1793-06-24,1557,311916,1793,6
1527,1793-06-25,172,49715,1793,6
1566,1793-06-26,170,53576,1793,6
1575,1793-06-27,239,76934,1793,6
1515,1793-06-28,80,22565,1793,6
1663,1793-06-29,45,20671,1793,6
1603,1793-06-30,115,39662,1793,6
1573,1793-07-01,191,61441,1793,7
1590,1793-07-02,141,47395,1793,7
1497,1793-07-03,546,148189,1793,7
1651,1793-07-05,57,24046,1793,7
1477,1793-07-06,291,74360,1793,7
1644,1793-07-07,48,19327,1793,7
1578,1793-07-08,191,61670,1793,7
1605,1793-07-09,103,35687,1793,7
1643,1793-07-10,54,21688,1793,7
1437,1793-07-11,290,63059,1793,7
1639,1793-07-12,117,45644,1793,7
1510,1793-07-13,218,60488,1793,7
1438,1793-07-14,135,29378,1793,7
1555,1793-07-15,119,36758,1793,7
1483,1793-07-16,79,20327,1793,7
1606,1793-07-17,134,46469,1793,7
1529,1793-07-18,152,44583,1793,7
1620,1793-07-19,134,48434,1793,7
1589,1793-07-20,131,43745,1793,7
1624,1793-07-21,141,51509,1793,7
1602,1793-07-22,85,29289,1793,7
1523,1793-07-23,198,56583,1793,7
1635,1793-07-24,106,40725,1793,7
1596,1793-07-25,171,58263,1793,7
1597,1793-07-26,138,47020,1793,7
1471,1793-07-27,115,28783,1793,7
1522,1793-07-28,112,31980,1793,7
1587,1793-07-29,138,45741,1793,7
1442,1793-07-30,140,31041,1793,7
1508,1793-07-31,93,25647,1793,7
1440,1793-08-01,255,55750,1793,8
1420,1793-08-02,132,23804,1793,8
1561,1793-08-04,139,43501,1793,8
1619,1793-08-05,158,56746,1793,8
1517,1793-08-06,311,88209,1793,8
1493,1793-08-07,278,73935,1793,8
1531,1793-08-08,286,83947,1793,8
1433,1793-08-09,910,186618,1793,8
1521,1793-08-11,146,41657,1793,8
1526,1793-08-12,174,50276,1793,8
1458,1793-08-13,71,16966,1793,8
1554,1793-08-14,120,37022,1793,8
1502,1793-08-15,174,47818,1793,8
1642,1793-08-16,117,46668,1793,8
1645,1793-08-17,156,62919,1793,8
1467,1793-08-18,344,84471,1793,8
1586,1793-08-19,88,29109,1793,8
1460,1793-08-20,190,45542,1793,8
1574,1793-08-21,247,79437,1793,8
1623,1793-08-22,98,35758,1793,8
1501,1793-08-23,162,44211,1793,8
1660,1793-08-24,77,35170,1793,8
1558,1793-08-25,128,39794,1793,8
1443,1793-08-26,114,25506,1793,8
1569,1793-08-27,122,38810,1793,8
1568,1793-08-28,98,31026,1793,8
1595,1793-08-29,153,52056,1793,8
1535,1793-08-30,150,44377,1793,8
1550,1793-08-31,108,33133,1793,8
1662,1793-09-01,101,46309,1793,9
1494,1793-09-02,99,26679,1793,9
1464,1793-09-03,111,26976,1793,9
1564,1793-09-04,89,27958,1793,9
1498,1793-09-05,168,45690,1793,9
1604,1793-09-06,80,27703,1793,9
1500,1793-09-07,133,36193,1793,9
1542,1793-09-08,136,41129,1793,9
1634,1793-09-09,155,59531,1793,9
1524,1793-09-10,94,27050,1793,9
1636,1793-09-11,151,58118,1793,9
1537,1793-09-12,85,25240,1793,9
1638,1793-09-13,124,48280,1793,9
1673,1793-09-14,83,60103,1793,9
1514,1793-09-15,223,62839,1793,9
1579,1793-09-16,125,40598,1793,9
1572,1793-09-17,142,45384,1793,9
1505,1793-09-18,155,42691,1793,9
1451,1793-09-19,483,112833,1793,9
1544,1793-09-20,168,51106,1793,9
1598,1793-09-21,203,69334,1793,9
1540,1793-09-22,137,41246,1793,9
1637,1793-09-23,125,48446,1793,9
1507,1793-09-24,180,49600,1793,9
1429,1793-09-25,289,56708,1793,9
1536,1793-09-26,107,31749,1793,9
1625,1793-09-27,207,76112,1793,9
1591,1793-09-28,103,34625,1793,9
1600,1793-09-29,63,21576,1793,9
1541,1793-09-30,151,45572,1793,9
1456,1793-10-01,207,49160,1793,10
1473,1793-10-02,225,56541,1793,10
1428,1793-10-03,1276,248423,1793,10
1486,1793-10-04,239,62075,1793,10
1640,1793-10-05,156,61219,1793,10
1641,1793-10-06,113,44864,1793,10
1614,1793-10-07,118,41886,1793,10
1499,1793-10-08,133,36169,1793,10
1530,1793-10-09,213,62483,1793,10
1674,1793-10-10,5,3890,1793,10
1657,1793-10-11,104,46049,1793,10
1593,1793-10-12,263,88836,1793,10
1585,1793-10-13,187,61478,1793,10
1576,1793-10-14,92,29657,1793,10
1665,1793-10-15,74,35900,1793,10
1533,1793-10-16,158,46560,1793,10
1608,1793-10-17,77,26762,1793,10
1484,1793-10-18,119,30772,1793,10
1444,1793-10-19,1393,313526,1793,10
1487,1793-10-21,271,70398,1793,10
1479,1793-10-22,238,60963,1793,10
1610,1793-10-23,76,26559,1793,10
1648,1793-10-24,94,38894,1793,10
1570,1793-10-25,88,28045,1793,10
1592,1793-10-26,267,90023,1793,10
1652,1793-10-28,67,28330,1793,10
1557,1793-10-29,111,34371,1793,10
1512,1793-10-30,113,31554,1793,10
1616,1793-10-31,99,35252,1793,10
1588,1793-11-01,109,36139,1793,11
1649,1793-11-02,105,43584,1793,11
1478,1793-11-03,151,38653,1793,11
1546,1793-11-04,296,90359,1793,11
1491,1793-11-05,378,100089,1793,11
1563,1793-11-06,171,53703,1793,11
1496,1793-11-07,231,62685,1793,11
1661,1793-11-08,87,39806,1793,11
1556,1793-11-09,175,54149,1793,11
1615,1793-11-10,131,46542,1793,11
1629,1793-11-11,115,42869,1793,11
1609,1793-11-12,197,68820,1793,11
1553,1793-11-13,150,46242,1793,11
1658,1793-11-14,120,53417,1793,11
1669,1793-11-15,137,69141,1793,11
1654,1793-11-16,93,39957,1793,11
1670,1793-11-17,116,60490,1793,11
1474,1793-11-18,244,61704,1793,11
1650,1793-11-19,116,48785,1793,11
1659,1793-11-20,67,30417,1793,11
1594,1793-11-21,159,53771,1793,11
1577,1793-11-22,137,44215,1793,11
1551,1793-11-23,161,49510,1793,11
1675,1793-11-24,24,19661,1793,11
1631,1793-11-25,131,50045,1793,11
1548,1793-11-26,279,85269,1793,11
1622,1793-11-27,83,30074,1793,11
1647,1793-11-28,111,45891,1793,11
1580,1793-11-29,116,37687,1793,11
1630,1793-11-30,128,48069,1793,11
1646,1793-12-01,128,52020,1793,12
1528,1793-12-02,121,35402,1793,12
1560,1793-12-03,117,36605,1793,12
1607,1793-12-04,191,66366,1793,12
1584,1793-12-05,194,63605,1793,12
1626,1793-12-06,155,57145,1793,12
1601,1793-12-07,105,36003,1793,12
1503,1793-12-08,302,83088,1793,12
1452,1793-12-09,300,70413,1793,12
1653,1793-12-10,89,38034,1793,12
1516,1793-12-11,105,29680,1793,12
1627,1793-12-12,134,49501,1793,12
1470,1793-12-13,110,27527,1793,12
1621,1793-12-14,98,35432,1793,12
1617,1793-12-15,143,50987,1793,12
1465,1793-12-16,136,33362,1793,12
1618,1793-12-17,130,46481,1793,12
1513,1793-12-18,198,55762,1793,12
1667,1793-12-19,101,49944,1793,12
1612,1793-12-20,132,46569,1793,12
1504,1793-12-21,219,60248,1793,12
1534,1793-12-22,221,65330,1793,12
1655,1793-12-23,120,52404,1793,12
1632,1793-12-24,78,29797,1793,12
1656,1793-12-25,84,36690,1793,12
1469,1793-12-26,263,65753,1793,12
1671,1793-12-27,42,22786,1793,12
1539,1793-12-28,113,33711,1793,12
1518,1793-12-29,179,50908,1793,12
1666,1793-12-31,66,32105,1793,12
1519,1794-01-01,131,37289,1794,1
1664,1794-01-02,51,24367,1794,1
